Coin,Symbol,Contract Address
dogwifhat,wif,EKpQGSJtjMFqKZ9KQanSqYXRcF8fBopzLHYxdM65zcjm
Bonk,bonk,DezXAZ8z7PnrnRJjz3wXBoRgixCa6xjnB7YaB1pPB263
Popcat,popcat,7GCihgDB8fe6KNjn2MYtkzZcRjQy3t9GHdC8uHYmW2hr
Goatseus Maximus,goat,CzLSujWBLFsSjncfkh59rUFqvafWcY5tzedWJSuypump
cat in a dogs world,mew,MEW1gQWJ3nEXg2qgERiKu7FAFj79PHvQVREQUzScPP5
Gigachad,giga,63LfDmNb3MQ8mw9MtZ2To9bEA2M71kZUUGq5tiJxcqj9
BOOK OF MEME,bome,ukHH6c7mMyiWCf1b9pnWe25TSpkDDt3H5pQZgZ74J82
Fwog,fwog,A8C3xuqscfmyLrte3VmTqrAq8kgMASius9AFNANwpump
Moo Deng,moodeng,ED5nyyWEzpPPiWimP8vYm7sD7TD3LAt3Q3gRTWHzPJBY
PONKE,ponke,5z3EqYQo9HiCEs3R84RCDMu2n7anpDMxRhdK8PSWmrRC
michi,$michi,5mbK36SZ7J19An8jFochhQS4of8g6BwUjbeCSxBSoWdp
RETARDIO,retardio,6ogzHhzdrQr9Pgv6hZ2MNze7UrzBMAFyBBWUYp1Fhitx
MUMU THE BULL,mumu,5LafQUrVco6o7KMz42eqVEJ9LW31StPyGjeeu5sKoMtA
Sigma,sigma,5SVG3T9CNQsm2kEwzbRq6hASqh1oGfjqTtLXYUibpump
Peanut the Squirrel,pnut,2qEHjDLDLbuBgRYvsxhc5D6uDWAivNFZGan56P1tpump
LOCK IN,lockin,8Ki8DpuWNxu9VsS3kQbarsCWMcFGWkzzA8pUPto9zBd5
Myro,$myro,HhJpBhRRn4g56VsyLuT8DL5Bv31HkXqsrahTTUCZeZg4
Wen,wen,WENWENvqqNya429ubCdR81ZmD69brwQaaBYY6p3LCpk
Slerf,slerf,7BgBvyjrZX1YKz4oh9mjb8ZScatkkwb8DzFx7LoiVkM3
MANEKI,maneki,25hAyBQfoDhfWx9ay6rarbgvWGwDdNqcHsXS3jQ3mTDJ
Luce,luce,CBdCxKo9QavR9hfShgpEBG3zekorAeD7W1jfq2o3pump
Smoking Chicken Fish,scf,GiG7Hr61RVm4CSUxJmgiCoySFQtdiwxtqf64MsRppump
Fartcoin,fartcoin,9BB6NFEcjBCtnNLFko2FqVQBq8HHM13kCyYcdQbgpump
Daddy Tate,daddy,4Cnk9EPnW5ixfLZatCPJjDB1PUtcRpVVgTQukm9epump
We Love T,wlt,23CTZMjEYNNZUE4itfn3iv6kgM4xn7X7dx1kVX1Gr8Xi
Mother Iggy,mother,3S8qX1MsMqRbiwKg2cQyx7nis1oHMgaCuc9c4VfvVdPN
SelfieDogCoin,selfie,9WPTUkh8fKuCnepRWoPYLH3aK9gSjPHFDenBq2X1Czdp
mini,mini,2JcXacFwt9mVAwBQ5nZkYwCyXQkRcdsYrDXn6hj22SbP
Skibidi Toilet,skbdi,DPaQfq5sFnoqw2Sh9WMmmASFL9LNu6RdtDqwE1tab2tB
Harambe on Solana,harambe,Fch1oixTPri8zxBnmdCEADoJW2toyFHxqDZacQkwdvSP
Zerebro,zerebro,8x5VqbHA8D7NkD52uNuS5nnt3PwA8pLD34ymskeSo2Wn
Dolan Duck,dolan,4YK1njyeCkBuXG6phNtidJWKCbBhB659iwGkUJx98P5Z
McDull (Meme),mcdull,Buoj8HCZMnLRwzDmjzaswhkVhLZD58PG4pZ7rnYp6pCr
Rich Quack,quack,9HGziACBczM3VorD3B6ZYtj6BA595jq8erzsSVtUNo6N
ai16z,ai16z,HeLp6NuQkmYB4pYWo2zYs22mESHXPQYzXbB8n4V98jwC
Giko Cat,giko,3WPep4ufaToK1aS5s8BL9inzeUrt4DYaQCiic6ZkkC1U
aura,aura,DtR4D9FtVoTX2569gaL837ZgrB6wNjj6tkmnX9Rdk9B2
KOALA AI,koko,FsA54yL49WKs7rWoGv9sUcbSGWCWV756jTD349e6H2yW
Samoyedcoin,samo,7xKXtg2CW87d97TXJSDpbD5jBkheTqA83TZRuJosgAsU
Comedian,ban,9PR7nCP9DpcUotnDPVLUBUZKu5WAYkwrCUx9wDnSpump
Billy,billy,3B5wuUrMEi5yATD7on46hKfej3pfmd7t1RKgrsN3pump
Brainlet,brainlet,8NNXWrWVctNw1UFeaBypffimTdcLCcD8XJzHvYsmgwpF
GME,gme,8wXtPeU6557ETkp9WHFY1n1EcU6NxDvbAggHGsMYiHsB
Act I The AI Prophecy,act,GJAFwWjJ3vnTsrQVabjBVK2TYB1YtRCQXRDfDgUnpump
Monkey Pox,pox,mpoxP5wyoR3eRW8L9bZjGPFtCsmX8WcqU5BHxFW1xkn
earl,earl,BjjvKX5k7gQoGRmvQAA5WMr7EkQ2cirGTSGxAznDpump
Sillynubcat,nub,GtDZKAqvMZMnti46ZewMiXCa4oXF4bZxwQPoKzXPFxZn
Nailong,nailong,mkvXiNBpa8uiSApe5BrhWVJaT87pJFTZxRy7zFapump
Effective accelerationism,e/acc,GqmEdRD3zGUZdYPeuDeXxCc8Cj1DBmGSYK97TCwSpump
American Coin,usa,69kdRLyP5DTRkpHraaSZAQbWmAwzF9guKjZfzMXzcbAs
Chudjak,chud,6yjNqPzTSanBWSa6dxVEgTjePXBrZ2FoHLDQwYwEsyM6
Shark Cat,sc,6D7NaB2xsLd7cauWu1wKk6KBsJohJmP2qZH9GEfVi5Ui
SAD HAMSTER,hammy,26KMQVgDUoB6rEfnJ51yAABWWJND8uMtpnQgsHQ64Udr
Ginnan The Cat,ginnan,GinNabffZL4fUj9Vactxha74GDAW8kDPGaHqMtMzps2f
NPC On Solana,npcs,5ToDNkiBAK6k697RRyngTburU7yZNFZFx7jzsD1Uc7pK
Manifest,manifest,6cvrZWgEUkr82yKAmxp5cQu7wgYYBPULf16EUBp4pump
Kitten Haimer,khai,3TWgDvYBL2YPET2LxnWAwsMeoA8aL4DutNuwat2pKCjC
Aiwithdaddyissues,shegen,2KgAN8nLAU74wjiyKi85m4ZT6Z9MtqrUTGfse8Xapump
Solama,solama,AVLhahDcDQ4m4vHM4ug63oh7xc8Jtk49Dm5hoe9Sazqr
Peng,peng,A3eME5CetyZPBoWbRUwY3tSe25S6tb18ba9ZPbWk9eFJ
hehe,hehe,BreuhVohXX5fv6q41uyb3sojtAuGoGaiAhKBMtcrpump
TEH EPIK DUCK,epik,3BgwJ8b7b9hHX4sgfZ2KJhv9496CoVfsMK2YePevsBRw
the Soldog,laika,Euoq6CyQFCjCVSLR9wFaUPDW19Y6ZHwEcJoZsEi643i1
Boba Oppa,bobaoppa,bobaM3u8QmqZhY1HwAtnvze9DLXvkgKYk3td3t8MLva
Milady Wif Hat,ladyf,3X8GcLiH2HttjyqePg7MazpMbwbgq5URUMTyDz5tkmdE
Habibi (Sol),habibi,864YJRb3JAVARC4FNuDtPKFxdEsYRbB39Nwxkzudxy46
Memes AI,memesai,39qibQxVzemuZTEvjSB7NePhw9WyyHdQCqP8xmBMpump
catwifhat,$cwif,7atgF8KQo4wJrD5ATGX7t1V2zVvykPJbFfNeVf1icFv1
Bozo Benk,bozo,EJPtJEDogxzDbvM8qvAsqYbLmPj5n1vQeqoAzj9Yfv3q
coby,coby,8WnQQRbuEZ3CCDbH5MCVioBbw6o75NKANq9WdPhBDsWo
suwi,suwi,ABDoiSudvFjjJ25rtXn8V2b6QGrH59KN6thAbsPvpump
Rawr,xd,DEJiPKx5GActUtB6qUssreUxkhXtL4hTQAAJZ7Ccw8se
LandWolf,wolf,Faf89929Ni9fbg4gmVZTca7eW6NFg877Jqn6MizT3Gvw
Doland Tremp,tremp,FU1q8vJpZNUrmqsciSjp8bAKKidGsLmouB8CBdf8TKQv
Ben the Dog,bendog,AHW5N8iqZobTcBepkSJzZ61XtAuSzBDcpxtrLG6KUKPk
RNT,rnt,2fUFhZyd47Mapv9wcfXh5gnQwFXtqcYu9xAN4THBpump
Catcoin,cat,7hWcHohzwtLddDUG81H2PkWq6KEkMtSDNkYXsso18Fy3
DUKO,duko,HLptm5e6rTgh4EKgDpYFrnRHbjpkMyVdEeREEa2G7rf9
Omega,omega,3DkVGaNSMTcxFkgGDAm299FaVxgnCw2411vxZTmRpump
Rocky,rocky,BVG3BJH4ghUPJT9mCi7JbziNwx3dqRTzgo9x5poGpump
Shoggoth,shoggoth,H2c31USxu35MDkBrGph8pUDUnmzo2e4Rf4hnvL2Upump
SNAP,$nap,4G86CMxGsMdLETrYnavMFKPhQzKTvDBYGMRAdVtr72nu
Gotti Token,gotti,FoAnSCG6CcqTq2rsTi58yyYBNk1HgsbLzS6b1kTP2ACL
360noscope420blazeit,mlg,7XJiwLDrjzxDYdZipnJXzpr1iDTmK55XixSFAa7JgNEL
Slothana,sloth,HQ7DaoiUxzC2K1Dr7KXRHccNtXvEYgNvoUextXe8dmBh
tooker kurlson,tooker,9EYScpiysGnEimnQPzazr7Jn9GVfxFYzgTEj85hV9L6U
Puffy,puffy,D9paufRCehpk2YGRPkzJPEUDsvQjaTFKNyFDqgd4xqd
Toad (SOL),$toad,FViMp5phQH2bX81S7Yyn1yXjj3BRddFBNcMCbTH8FCze
catownkimono,cok,Dnb9dLSXxAarXVexehzeH8W8nFmLMNJSuGoaddZSwtog
Beercoin,beer,AujTJJ7aMS8LDo3bFzoyXDwT3jBALUbu4VZhzZdTZLmG
autism,autism,BkVeSP2GsXV3AYoRJBSZTpFE8sXmcuGnRQcFgoWspump
LUCI,luci,5Ke381D44MEQg3BQarWhAwhj1xbdNvXe2KHkTiZzw7r5
MAD,mad,madHpjRn6bd8t78Rsy7NuSuNwWa2HU8ByPobZprHbHv
brainrot,rot,APoM2sXUzdRHTkUjXSsdUheX1wPPdP4HFLotmtRNMU8P
Waffles,waffles,8doS8nzmgVZEaACxALkbK5fZtw4UuoRp4Yt8NEaXfDMb
nomnom,nomnom,6ZrYhkwvoYE4QqzpdzJ7htEHwT2u2546EkTNJ7qepump
LOL,lol,LoL1RDQiUfifC2BX28xaef6r2G8ES8SEzgrzThJemMv
Hege,$hege,ULwSJmmpxmnRfpu6BjnK6rprKXqD5jXUmPpS1FxHXFy
supercycle(real),supercycle,2G8LH53fcr3aCrEsmAo73eunbZRbyjKrGH5qmur6pump
littlemanyu,manyu,CS7LmjtuugEUWtFgfyto79nrksKigv7Fdcp9qPuigdLs
GUMMY,gummy,H7bTHGb5Cvo5fGe5jBDNDPUv8KykQnzyZA3qZ8sH7yxw
ORC,orc,CzywqyWnzACqc7nphTAPHC8cb2h7ou6U9TehBrVnzJKx
HeeeHeee,heehee,9dLuVbJMd4ZpTpFgmaFHAGSsFwVjtcnzFWaLAA1expHg
Literally Me,me,4Y47LEufvcSSSbTFojcvW4Y6x2KZXrqG2urNBSvHpump
r/snoofi,r/snoofi,7M9KJcPNC65ShLDmJmTNhVFcuY95Y1VMeYngKgt67D1t
Cost Hot Dog,cost,Av6qVigkb7USQyPXJkUvAEm4f599WTRvd75PUWBA9eNm
RIBBIT,rbt,65nTNuJGHme4PQvKQyJykKp1bJAkK4A8Q66sd2yBWugf
BUU,buu,28tVhteKZkzzWjrdHGXzxfm4SQkhrDrjLur9TYCDVULE
monkeyhaircut,monk,FYa25XnBsXQXAdTnsyKBKd5gZ1VZhChBRF57CqfRxJZX
EnKrypto,krypt,GK7TPZKpd8ZsXfipzcEaPnoSp2bDCZg5BU4GZwVzpump
Pundu,pundu,WskzsKqEW3ZsmrhPAevfVZb6PuuLzWov9mJWZsfDePC
TabMan,tab,CqMLnuQ8bVSiak5crmhA3PCrwwtKi7R5VzcxJDKArfYN
POPDOG,popdog,EATGZHJViJsk7nEKkrdJicwNbfpkJfAtmrEmrjXR8NBj
Alpha,alpha,2zrH2jE542mzB4HABgBjdWMQPtNC5H12pwo1iLpfpump
Sharbi,$sharbi,8D1nUMJQam54o34Kj2knFhSTaWoehEr4mBc7LfiDdCqq
Melon Dog,melon,7DGJnYfJrYiP5CKBx6wpbu8F5Ya1swdFoesuCrAKCzZc
Let Him Cook,$cook,G8Vy25NzjRmuQtnN35xF7j3X2Z1TrV39XijZu8Mg4w8n
BitCat,btcat,3XFiHA2gexzBjqtM5Z7FjJhP6f28D2m79UihBCfkpump
Look bro,look,BSqMUYb6ePwKsby85zrXaDa4SNf6AgZ9YfA2c4mZpump
TORSY,torsy,5YqckGEkWHJmp9LW5aUF2uJrdUbMJaHcYnGjA8M7Ebw8
LFGO,lfgo,2u98MM7DMtVmNG4iAKRNMtynjmkzgD6fXAzB3wVfhQvg
Degen Spartan AI,degenai,Gu3LDkn7Vx3bmCzLafYNKcDxv2mH7YN44NJZFXnypump
Neiro,neiro,CTJf74cTo3cw8acFP1YXF3QpsQUUBGBjh2k2e8xsZ6UL
Guacamole,guac,AZsHEMXd36Bj1EMNXhowJajpUXzrKcK57wW4ZGXVa7yR
Honk,honk,3ag1Mj9AKz9FAkCQ6gAEhpLSX8B2pUbPdkb9iBsDLZNB
Wrapped DOG,wdog,GYKmdfcUmZVrqfcH1g579BGjuzSRijj3LBuwv79rpump
Numogram,gnon,HeJUFDxfJSzYFUuHLxkMqCgytU31G6mjP4wKviwqpump
POUPE,poupe,2FuP7DR7VT5EobzarajGZHCqU5xXoEMbY2XmXoBSqk9M
Dark MAGA,dmaga,7D7BRcBYepfi77vxySapmeqRNN1wsBBxnFPJGbH5pump
New Born Haggis Pygmy Hippo,haggis,U237C8hKyZYL42TEtTv6JGtdwDr3pZaQeeWMCVVpump
Bingus The Cat,bingus,AQuuQ4xktyzGBFnbKHnYsXHxsKVQetAoiPeCEG97NUJw
First Convicted RACCON,fred,CNvitvFnSM5ed6K28RUNSaAjqqz5tX1rA5HgaBN9pump
Smilek,smilek,7x4FgiFfeqzs1tiUNvJzpt47GtLXAJ8Jfn8G1Hyyu6JH
analoS,analos,7iT1GRYYhEop2nV1dyCwK2MGyLmPHq47WhPGSwiqcUg5
MILKBAG,milkbag,2ubuHGFS4VJVxSEpvV3kDwz6JiuXdaAoGMwrwYC87tp8
chaos and disorder,chaos,8SgNwESovnbG1oNEaPVhg6CR9mTMSK7jPvcYRe3wpump
LOAFCAT,loafcat,LoafdJ3WSAvsrx3zppSGKA6sRvL9GrRrU1iRV7HkLkm
Tate Terminal,tate,LX2mJPsutHkUc6iXNFgumSC6LVKyc66xpy2zDTZpump
COAL,coal,E3yUqBNTZxV8ELvW99oRLC7z4ddbJqqR4NphwrMug9zu
The RugCoon,rugga,2e4hookwoJmyAReeSRcTP5dE4myMnwfVvPSztDrjpump
Tori the Cat,tori,D8F1FvrUhwg8WBjMqABopFYo13WwymGnVhsL3d7dRexP
Uranus,urs,32jSCpTYmLze3jj9ruqtLmPPBRtag9ud5YbsJwcfRcVM
BOGUS,bogus,41upazdWAgLjfCkLGQwGDgj2knovnpPyr4q2ZVNjifLz
Morud,morud,FskzSqy7Pi1f3nWorr4WhhQboxzyv8fv6Q2e8xyDpump
Zoomer,zoomer,9MBzpyMRkj2r5nTQZMMnxnCm5j1MAAFSYUtbSKjAF3WU
Floos,fls,75DvRjTDpaEbrdUHVomdjfsiXbBi5FwNyctyUgfLooS
Believe In Something,bis,2GPJhV9jNrj7TaLYMRgWkcy6sTKLcwntv7nZ7qDyMRGM
Zack Morris,zack,8vCAUbxejdtaxn6jnX5uaQTyTZLmXALg9u1bvFCAjtx7
iiii lovvvv youuuu,ily,GJLiErro8cbWeDngDMWJug9dkwwckYZg4Lvb79F3pump
el gato,elgato,F47vvwFYuLioQsqEVAjqdY6Yihc8wVRiUcfHGcBR9XUs
Meme Coin Millionaire,$rich,GRFK7sv4KhkMzJ7BXDUBy4PLyZVBeXuW1FeaT6Mnpump
Sage Universe,sage,CMe1QWsoDWFUi95GMkk7mCTnnjxBxtnJ3jbrEhQTVWL5
Doug the Duck,doug,BavuJ8bntC79A8aHTxQi1EUhcCnqvEU8KSBE4sVCAaHc
CLAPCAT,$clap,9b8jL2wcVjBFpieC5TUR76BDJ6sW8Eghd3fyq5VJmzir
Banana Tape Wall,btw,4ytpZgVoNB66bFs6NRCUaAVsLdtYk2fHq4U92Jnjpump
real.,real,Cy4DSbZW4CE6cG6HDqQFhXxpHTdm41SY9hBB1JG6pump
IQ50,iq50,21rweMLGYeMNonHW7H3xa5py17X6ZFRcHirCp9inRBQA
CryptoBoomCoin Official,cbc,BNeaFbk7DRjMr1UhGuchRGMKvk2Z5bU9W8sNpn7Wvr9Y
Hund,hund,2XPqoKfJitk8YcMDGBKy7CMzRRyF2X9PniZeCykDUZev
Market Dominance,md,C4j7kPx9PqDnfvxe2uycJQRTAeyGwmU4DyGf21Xgpump
PINO,pino,7b36cKRYFZsMp3vLByVwfVQxW2ndcYth5rhPnyypump
Pepe on SOL,pepe,B5WTLaRwaUQpKk7ir1wniNB6m5o8GgMrimhKMYan2R6B
GMika,gmika,HtCqD3o5aF1RXcyGi6AW11PoB3bZmFdA8kvVyhJrpump
Eagle of Truth,egl,DCCA1ivqRYFqwSQTz3ArKfKpD6uXv6an8jDW5s3EvkQZ
BASED,based,Em4rcuhX6STfB7mxb66dUXDmZPYCjDiQFthvzSzpump
Cheese,cheese,AbrMJWfDVRZ2EWCQ1xSCpoVeVgZNpq1U2AoYG98oRXfn
Pigeon Tech,govai,4kHu4VktgzpZW9i8LEsHZrNLJcTV98nGhyZE5JSEpump
Autonomous Virtual Beings,avb,6d5zHW5B8RkGKd51Lpb9RqFQSqDudr9GJgZ1SgQZpump
VENKO,$venko,3xhezws6Lk7cMqoVEfZFXu3ry9GKymFz1vbWyQ4f99uX
Sharki,sharki,6U48jtR53ZK3E1MozLrpwJDTrtj74uuFhMGNzGY18YPu
Harold,harold,EjmDTt8G3T725eFSV7oWmGD8J848guo3LZ1EB3RfwGSw
President.exe,aimaga,Ds4tykSf8vESCZPDLznadsfPXNgPzU5mVwc3oXXFwX5t
catwifbag,bag,D8r8XTuCrUhLheWeGXSwC3G92RhASficV3YA7B2XWcLv
Send,send,SENDdRQtYMWaQrBroBrJ2Q53fgVuq95CV9UPGEvpCxa
FECES,feces,5j2shkkzascw33QpW6RRqfRkacLkn7QwwV1e7jX36nyn
The Ticker Is ETH,eth,2kaRSuDcz1V1kqq1sDmP23Wy98jutHQQgr5fGDWRpump
Moth,moth,C2MvcWD86peRanQAnJfiDPurs7e7CkMsnP1bHBNJvBpA
WAWA CAT,wawa,8Sk2EJ9oo25b7Mmf4qd5gJw6z3738AXvAbkuSSpQpump
DOGAI,dogai,Dogg6xWSgkF8KbsHkTWD3Et4J9a8VBLZjrASURXGiLe1
doginthpool,dip,3XxvmED354933DwSPJuzB7SE9uiWpD1ErydDuhmbFRMk
Half Orange Drinking Lemonade,hodl,J9SXKctbZVws65vjBHL91mqStzq5an1xZxdi6a4h853o
MEN,men,A7uv3n1By5UNEa8UJqeCjGyLqHkMnkS1NP6K67VZBqd3
peanie,peanie,dekNoN3D8mXa4JHLwTbVXz8aPAyJUkk443UjcSpJKi4
Lolcat,lolcat,Dt6vESocrRixuFz2taZunygpKcNQwxAjUMgYUxvNpump
Pajamas Cat,pajamas,FvER7SsvY5GqAMawf7Qfb5MnUUmDdbPNPg4nCa4zHoLw
HAMI,$hami,4sp2EUDrQf46rZun6sYAWzjrXwUpx2T3njuoKmV766RJ
MoonScape,moon,72pzypYmWeAbDXvmep8tBVeXpvcbrcvv6QKtS4T1btkF
tuki,tuki,9fEXUmPnDJYAXpoZ9nWi1gQZPwzVKdf8g9fYXW6Epump
CCTV,cctv,G3Kzy6mbETc4AnhL32pLzyR2Tu2U7fRCUdDeBqXJpump
FATGF,fatgf,4y9E3tJpGNzRr1592oWTPECgyp2VDSc1Bf3DqAm5FZsK
Pesto the Baby King Penguin,pesto,34a8ALsPmbWxp7D3bQ6erERrCLz1ahr6u6o66Udmpump
Low Quality Cat,lqc,HKv9jA7VREs68BA3PZMREiwuQKzfLUjr9azgrzbNpump
The Professor,lab,2Pp6ebUvEL9YRTauUTmGTwYZKRfyQXGM9jE4S8WPDtEy
BarbieCrashBandicootRFK88,solana,
Blinks.gg,bgg1,62CsquahdQ3J286G9UTqV6whxryfihdV4yg7kSJnpump
AI Crystal Node,aicrynode,PD11M8MB8qQUAiWzyEK4JwfS8rt7Set6av6a5JYpump
Crashout,crashout,6JGSHS9GrE9uG8ix63w3DPMYHrgrJ6J4QyHbBhAepump
DollarMoon,dmoon,9fWeqjzb7xG93T9FPaWggTecvyZZDTXc7VgzNWkisqm4
Cat-Dog,catdog,CATTzAwLyADd2ekzVjTjX8tVUBYfrozdkJBkutJggdB7
Noooomeme,noooo,4E3CrfKrPWmnE2kFrdeRKyiovpUWpUXHtqXpXzZZsxZ2
John the Coin,john,BuxH23osRyFFLbWG3czrTsfBQYbxzVZ8f7QV4cjTHN5x
Gemini,gemini,ARiZfq6dK19uNqxWyRudhbM2MswLyYhVUHdndGkffdGc
Dog Emoji On Solana,üêï,DLScRnWofxiYGqnvZWGy9Gt98MPqKdznaK4TRukxpump
Naked Jim,$jim,jimBqijNp9yZwgMmxFaLECr5rFypPGZQNEqL9YU4UjT
DoginHood,dogin,DoGinuF39MGaxJDeJ3QDk4qd2vXwkYf5TDYpkdpYjip
Dasha,vvaifu,FQ1tyso61AH1tzodyJfSwmzsD3GToybbRNoZxUBz21p8
INU,inu,DbaSVQ87gQumixFumMHCrMKFpq5dSYNtKiVNDw3Vpump
WATER Coin,water,B6h248NJkAcBAkaCnji889a26tCiGXGN8cxhEJ4dX391
Doge Jones Industrial Average,dji,BjotV424H4UBvrAiGFGjQGztLxoafxM4HSdCXZR6pump
Cheeseball,cb,3BeJ9zCgQhaqKMu2HgKJ79yQBChD1Pf3hPwRX44fpump
Top Hat,hat,AxGAbdFtdbj2oNXa4dKqFvwHzgFtW9mFHWmd7vQfpump
Bork,bork,4jZXkSNgTQKCDb36ECZ6a2aNzcUniGcDeXgTdtM2HxAX
Anita Max Wynn,wynn,4vqYQTjmKjxrWGtbL2tVkbAU1EVAz9JwcYtd2VE3PbVU
Pochita,pochita,E6AujzX54E1ZoPDFP2CyG3HHUVKygEkp6DRqig61pump
Dollar,dollar,5AnPDx9GposBi9jSW2dFfE5QQD3FmXbudoquMNDxpump
Smiling Dolphin,miharu,6tVZVjcppH2BZ9Xj5yFU1Zt34m2rYcyDqqpSeMDZpump
Jeo Boden,boden,3psH1Mj1f7yUfaD5gh6Zj7epE8hhrMkMETgv5TshQA4o
Success Kid,skid,9X2RHtKrBzw3SLYe9E88cBd1kz5RfU1f4JTSn4aRH43d
neversol,never,CxrhHSqyW8YTDWc4csJMMgo7uBUJSXzNzrWhtw9ULdru
ADA,adasol,E4Q5pLaEiejwEQHcM9GeYSQfMyGy8DJ4bPWgeYthn24v
MIMANY,mimany,3Rcc6tMyS7ZEa29dxV4g3J5StorS9J1dn98gd42pZTk1
Bet more,bet,5CLSw4viyMLfnRHHxZpDF8CuZt5e1ceq1AJqd4GjAJNX
PSYOP,psyop,DAFdakKAEvB6GtJgnDk1LC1QK4gQrtTK3eKUZtAJpump
DOGE on Solana,sdoge,BvSyXBvy76mUgzLSbvvT4NQw5rSM4P5zAsdnvqUJpump
Pepe Trump,ptrump,Gk2kRrwNMBU4Dn9JhC1Dks8G5X9nqi4ZE5jMvK6bdgEd
Aquarius,aquarius,C49Ut3om3QFTDrMZ5Cr8VcTKPpHDcQ2Fv8mmuJHHigDt
WHISKEY,whiskey,9UNqoPEXXxEnEphmyYsZYdL5dnmAUtdiKRUchpnUF5Ph
RETARDIA,retardia,7RrLheV7dSecVka3MfjYb4Wa6Z6uegNyzhpFeERsfFZP
Gooby,gooby,G9b9Lt78x5JXhFLeDY4ZAfMkWWugnbsfKBR2qipJWXaT
Taurus,taurus,EjkkxYpfSwS6TAtKKuiJuNMMngYvumc1t1v9ZX1WJKMp
What‚Äôs Updog?,$updog,HJ39rRZ6ys22KdB3USxDgNsL7RKiQmsC3yL8AS3Suuku
Cancer,cancer,CmomKM8iPKRSMN7y1jqyW1QKj5bGoZmbvNZXWBJSUdnZ
Sagittarius,sagit,8x17zMmVjJxqswjX4hNpxVPc7Tr5UabVJF3kv8TKq8Y3
Keyboard Cat,keycat,9pPE1q9EW1bMQWbHmffrzUCfRr7S82UoxNUFfA6mAZC6
Leo,leo,8Cd7wXoPb5Yt9cUGtmHNqAEmpMDrhfcVqnGbLC48b8Qm
infinite backrooms,ib,4J5HoZWoKcbo2JQxEEVCKRBfUQtEroY1QdRrKtZFpump
Slop,slop,FqvtZ2UFR9we82Ni4LeacC1zyTiQ77usDo31DUokpump
PONK,ponk,2GMEDWxPhdBicySMjUky49UHgXutxQ8SJjWyrcKPpump
Aries,aries,GhFiFrExPY3proVF96oth1gESWA5QPQzdtb8cy8b1YZv
Soyjak,soy,4G3kNxwaA2UQHDpaQtJWQm1SReXcUD7LkT14v2oEs7rV
Malakai,malakai,BAmHS42JqR51sZ6oqPhj4pcqi6dFFYDka77P4Q22pump
Capricorn,capricorn,3C2SN1FjzE9MiLFFVRp7Jhkp8Gjwpk29S2TCSJ2jkHn2
Cheems,cheems,3FoUAsGDbvTD6YZ4wVKJgTB76onJUKz7GPEBNiR5b8wc
Pisces,pisces,3JsSsmGzjWDNe9XCw2L9vznC5JU9wSqQeB6ns5pAkPeE
kittyspin,ks,72LTryHMb1m9j4NEcn673sXkFMXMmHvmB8grYcVspump
Gecko (Meme),gecko,6CNHDCzD5RkvBWxxyokQQNQPjFWgoHF94D7BmC73X6ZK
Libra,libra,7Zt2KUh5mkpEpPGcNcFy51aGkh9Ycb5ELcqRH1n2GmAe
todd,todd,CK7UwtyYTo4CmBohCF9RhF6mCNDxnLMcZsCqouP9pump
Scorpio,scorpio,J4fQTRN13MKpXhVE74t99msKJLbrjegjEgLBnzEv2YH1
